﻿<?xml version="1.0" encoding="UTF-8" standalone="yes"?>
<addon id="repository.gigathek" name="Deutsche öffentlich-rechtliche TV-Mediatheken" version="1.0.21" provider-name="68000a">
  <requires>
    <import addon="xbmc.addon" version="12.0.0"/>
  </requires>
  <extension point="xbmc.addon.repository" name="Deutsche TV-Mediatheken Add-on Repository">
    <dir maxversion="18.9.0">
      <info compressed="false">https://raw.githubusercontent.com/68000a/Gigathek/master/addons.xml</info>
      <checksum>https://raw.githubusercontent.com/68000a/Gigathek/master/addons.xml.md5</checksum>
      <datadir zip="true">https://raw.githubusercontent.com/68000a/Gigathek/master/</datadir>
    </dir>
    <dir minversion="19.0.0">
      <info compressed="false">https://raw.githubusercontent.com/68000aMatrix/GigathekMatrix/master/addons.xml</info>
      <checksum>https://raw.githubusercontent.com/68000aMatrix/GigathekMatrix/master/addons.xml.md5</checksum>
      <datadir zip="true">https://raw.githubusercontent.com/68000aMatrix/GigathekMatrix/master/</datadir>
    </dir>
  </extension>
  <extension point="xbmc.addon.metadata">
    <summary>Deutsche öffentlich-rechtliche TV-Mediatheken</summary>
    <description>Download and install addons for German TV media libraries.[CR]Intensively tested with Kodi 17 "Krypton", Kodi 18 "Leia" and Kodi 21 "Omega".[CR]Other Kodi versions might work or not.</description>
    <platform>all</platform>
  </extension>
</addon>