﻿<?xml version="1.0" encoding="UTF-8" standalone="yes"?>
<addon id="Gigathek" name="Gigathek (old-broken) - war: Deutsche öffentlich-rechtliche TV-Mediatheken" version="1.0.20" provider-name="68000a">
  <requires>
    <import addon="xbmc.addon" version="12.0.0"/>
    <import addon="repository.gigathek" version="1.0.21"/>
  </requires>
  <extension point="xbmc.addon.repository" name="Deutsche TV-Mediatheken Add-on Repository">
    <dir maxversion="18.9.0">
      <info compressed="false">https://raw.githubusercontent.com/68000a/Gigathek/master/addons.xml</info>
      <checksum>https://raw.githubusercontent.com/68000a/Gigathek/master/addons.xml.md5</checksum>
      <datadir zip="true">https://raw.githubusercontent.com/68000a/Gigathek/master/</datadir>
    </dir>
    <dir minversion="19.0.0">
      <info compressed="false">https://raw.githubusercontent.com/68000aMatrix/GigathekMatrix/master/addons.xml</info>
      <checksum>https://raw.githubusercontent.com/68000aMatrix/GigathekMatrix/master/addons.xml.md5</checksum>
      <datadir zip="true">https://raw.githubusercontent.com/68000aMatrix/GigathekMatrix/master/</datadir>
    </dir>
  </extension>
  <extension point="xbmc.addon.metadata">
    <summary>Deutsche öffentlich-rechtliche TV-Mediatheken</summary>
    <description lang="de_DE">Dieses Addon hat eine neue Addon-ID erhalten![CR]Die neue ID lautet: 'repository.gigathek'.[CR][CR]Bitte das neue Addon mit der Versionsnummer 1.0.21 AKTIVIEREN.[CR]Danach dieses Addon mit der Versionsnummer 1.0.20 DEINSTALLIEREN.</description>
    <platform>all</platform>
    <lifecyclestate type="broken">Dieses Addon hat eine neue Addon-ID erhalten![CR]Die neue ID lautet: 'repository.gigathek'.</lifecyclestate>
    <news>Dieses Addon hat eine neue Addon-ID erhalten![CR]Die neue ID lautet: 'repository.gigathek'.[CR][CR]Bitte das neue Addon mit der Versionsnummer 1.0.21 AKTIVIEREN.[CR]Danach dieses Addon mit der Versionsnummer 1.0.20 DEINSTALLIEREN.</news>
  </extension>
</addon>